depth,start
1,426
1,486
1,NA
1,2527
1,2542
1,NA
1,4178
1,4192
1,NA
1,4323
1,4376
1,NA
1,4461
1,4511
1,NA
1,4629
1,4709
1,NA
1,4763
1,4774
1,NA
1,4795
1,4817
1,NA
1,6673
1,6955
1,NA
1,8011
1,8020
1,NA
1,8062
1,8082
1,NA
1,8525
1,8545
1,NA
1,9806
1,9851
1,NA
2,12173
2,12192
2,NA
1,10591
1,12525
1,NA
1,12955
1,13170
1,NA
1,14155
1,14169
1,NA
1,14325
1,14339
1,NA
1,14942
1,15006
1,NA
1,17641
1,17704
1,NA
1,19053
1,19093
1,NA
1,19173
1,19201
1,NA
1,19803
1,19833
1,NA
1,20816
1,20832
1,NA
1,24713
1,24881
1,NA
1,27814
1,27975
1,NA
1,30175
1,30199
1,NA
1,30209
1,30227
1,NA
1,30443
1,30457
1,NA
1,30711
1,30723
1,NA
1,32578
1,32614
1,NA
1,36951
1,37249
1,NA
1,38159
1,38280
1,NA
1,46711
1,46935
1,NA
1,47187
1,47359
1,NA
1,47923
1,48121
1,NA
1,51248
1,51337
1,NA
1,53181
1,53234
1,NA
1,55045
1,55064
1,NA
1,56216
1,56230
1,NA
1,57496
1,57629
1,NA
1,58356
1,58373
1,NA
1,60944
1,60981
1,NA
1,63177
1,63184
1,NA
1,65101
1,65126
1,NA
1,66499
1,66601
1,NA
1,69577
1,69648
1,NA
1,72847
1,72899
1,NA
1,74471
1,75215
1,NA
1,76560
1,76617
1,NA
1,79835
1,79846
1,NA
1,79980
1,80020
1,NA
1,80508
1,80516
1,NA
2,81623
2,81636
2,NA
1,80794
1,81710
1,NA
1,81755
1,82090
1,NA
1,83163
1,83228
1,NA
1,84625
1,84740
1,NA
1,85430
1,85439
1,NA
1,88454
1,88636
1,NA
1,91161
1,91380
1,NA
1,91542
1,91587
1,NA
1,92252
1,92272
1,NA
1,93417
1,93455
1,NA
1,97351
1,97445
1,NA
1,97669
1,97789
1,NA
1,98964
1,98971
1,NA
1,99876
1,99885
1,NA
1,100028
1,100144
1,NA
1,100915
1,100977
1,NA
1,102076
1,102349
1,NA
1,102615
1,103211
1,NA
1,103948
1,105664
1,NA
1,106899
1,107070
1,NA
1,108289
1,108295
1,NA
1,108637
1,108656
1,NA
1,108913
1,109032
1,NA
1,110622
1,110756
1,NA
1,111371
1,111966
1,NA
1,112233
1,112246
1,NA
1,113296
1,113300
1,NA
1,114823
1,114843
1,NA
1,115631
1,115737
1,NA
1,116850
1,116866
1,NA
1,116932
1,116948
1,NA
1,117489
1,117552
1,NA
1,119760
1,119801
1,NA
1,123315
1,123452
1,NA
1,125936
1,125975
1,NA
1,126210
1,126344
1,NA
1,128550
1,128623
1,NA
1,129374
1,129400
1,NA
1,131786
1,131789
1,NA
1,132718
1,132832
1,NA
1,133502
1,133549
1,NA
1,134330
1,134356
1,NA
1,136644
1,136743
1,NA
1,137637
1,137699
1,NA
1,138947
1,139051
1,NA
1,140930
1,141352
1,NA
1,145047
1,145224
1,NA
1,148962
1,149002
1,NA
1,152156
1,152243
1,NA
1,152274
1,152293
1,NA
1,152496
1,152895
1,NA
1,159200
1,159211
1,NA
1,160613
1,160618
1,NA
1,162181
1,162208
1,NA
1,162679
1,162684
1,NA
1,164553
1,164558
1,NA
1,165609
1,165612
1,NA
1,166860
1,166863
1,NA
1,167097
1,167103
1,NA
1,168168
1,168185
1,NA
1,168969
1,169013
1,NA
1,169567
1,169593
1,NA
1,170199
1,170255
1,NA
1,171052
1,171072
1,NA
1,172469
1,172503
1,NA
1,172634
1,172664
1,NA
1,183093
1,183184
1,NA
1,183670
1,183685
1,NA
1,184553
1,185034
1,NA
1,190315
1,190318
1,NA
1,194842
1,194845
1,NA
1,196969
1,197067
1,NA
1,198523
1,198534
1,NA
1,202433
1,202436
1,NA
1,204076
1,204089
1,NA
1,207863
1,207876
1,NA
1,208719
1,208730
1,NA
1,209063
1,209077
1,NA
1,212736
1,212771
1,NA
1,215450
1,215461
1,NA
1,216681
1,216695
1,NA
1,217139
1,217144
1,NA
1,217561
1,217568
1,NA
1,218205
1,218210
1,NA
1,220975
1,220978
1,NA
1,228638
1,228644
1,NA
1,230214
1,230271
1,NA
1,231177
1,231290
1,NA
1,231997
1,232003
1,NA
1,235830
1,235863
1,NA
1,237539
1,237557
1,NA
1,238133
1,238207
1,NA
1,238915
1,238929
1,NA
1,240687
1,242161
1,NA
1,242429
1,242457
1,NA
1,243699
1,245017
1,NA
1,246296
1,246317
1,NA
1,246345
1,246672
1,NA
1,247377
1,247483
1,NA
1,248100
1,248142
1,NA
1,249199
1,249211
1,NA
1,249894
1,249946
1,NA
1,250726
1,250837
1,NA
1,251339
1,251475
1,NA
1,251518
1,251780
1,NA
1,251824
1,251844
1,NA
1,252216
1,252232
1,NA
1,252472
1,252525
1,NA
1,252602
1,252615
1,NA
1,252799
1,252903
1,NA
1,253002
1,253187
1,NA
1,253631
1,253730
1,NA
1,253789
1,253825
1,NA
1,253977
1,253984
1,NA
1,254004
1,254048
1,NA
1,254279
1,254447
1,NA
1,255366
1,255383
1,NA
1,255751
1,255786
1,NA
1,256034
1,256119
1,NA
1,256502
1,256545
1,NA
1,256723
1,256730
1,NA
1,258335
1,258371
1,NA
1,258386
1,258401
1,NA
1,258845
1,258860
1,NA
1,259310
1,259360
1,NA
1,259411
1,259633
1,NA
2,261594
2,261679
2,NA
1,261060
1,261952
1,NA
1,263680
1,263787
1,NA
1,264110
1,264148
1,NA
1,264574
1,264641
1,NA
1,265267
1,265282
1,NA
1,266196
1,266233
1,NA
1,266300
1,266319
1,NA
1,266705
1,266719
1,NA
1,267606
1,267686
1,NA
1,269338
1,269353
1,NA
1,270448
1,270548
1,NA
1,270690
1,270699
1,NA
1,270910
1,271032
1,NA
1,271478
1,271602
1,NA
1,272576
1,272620
1,NA
1,272723
1,272756
1,NA
1,273419
1,273434
1,NA
1,273880
1,273897
1,NA
1,274298
1,274439
1,NA
1,275448
1,275463
1,NA
1,276514
1,276546
1,NA
1,277319
1,277334
1,NA
1,278413
1,278426
1,NA
1,278721
1,278734
1,NA
1,278846
1,278870
1,NA
1,278918
1,278937
1,NA
1,280280
1,280400
1,NA
2,282079
2,282174
2,NA
1,281168
1,282627
1,NA
1,284760
1,284929
1,NA
1,284991
1,285010
1,NA
1,285416
1,285777
1,NA
1,287484
1,287497
1,NA
1,287529
1,287546
1,NA
1,287931
1,287941
1,NA
1,288307
1,288319
1,NA
1,288446
1,288697
1,NA
1,289060
1,289079
1,NA
1,289244
1,289268
1,NA
1,289376
1,289499
1,NA
1,292504
1,292692
1,NA
1,293107
1,293128
1,NA
1,293334
1,293347
1,NA
1,293574
1,293737
1,NA
1,294050
1,294056
1,NA
1,294650
1,295418
1,NA
1,295965
1,295988
1,NA
1,296114
1,296138
1,NA
1,297718
1,297755
1,NA
1,297824
1,297846
1,NA
1,298228
1,298265
1,NA
1,298385
1,298397
1,NA
1,298471
1,298502
1,NA
1,299955
1,299990
1,NA
1,301973
1,301990
1,NA
1,302011
1,302032
1,NA
1,303110
1,303276
1,NA
1,303447
1,303484
1,NA
1,304548
1,304601
1,NA
1,305390
1,305435
1,NA
1,306393
1,306467
1,NA
1,306971
1,307270
1,NA
1,308809
1,308969
1,NA
1,309333
1,309462
1,NA
1,309874
1,309912
1,NA
1,311058
1,311189
1,NA
1,311580
1,311606
1,NA
1,312173
1,312318
1,NA
1,313108
1,313139
1,NA
1,313446
1,313842
1,NA
1,315360
1,315886
1,NA
1,316573
1,316584
1,NA
1,316932
1,316982
1,NA
1,317565
1,317600
1,NA
1,317927
1,317957
1,NA
1,319306
1,319332
1,NA
1,319624
1,319656
1,NA
1,320241
1,320290
1,NA
1,321754
1,321795
1,NA
1,323019
1,323058
1,NA
1,323351
1,323365
1,NA
1,324746
1,324772
1,NA
1,325520
1,325537
1,NA
1,326079
1,326105
1,NA
1,326234
1,326251
1,NA
1,326397
1,326423
1,NA
1,326952
1,327028
1,NA
1,327862
1,327869
1,NA
1,329928
1,330476
1,NA
1,330551
1,330558
1,NA
1,331333
1,331347
1,NA
1,331410
1,331494
1,NA
1,333524
1,333531
1,NA
2,337388
2,337432
2,NA
2,338540
2,338592
2,NA
2,339437
2,339446
2,NA
2,339729
2,339736
2,NA
2,340099
2,340108
2,NA
2,342098
2,342181
2,NA
2,343108
2,343152
2,NA
2,343792
2,343840
2,NA
2,344058
2,344065
2,NA
2,344953
2,344975
2,NA
2,345870
2,346236
2,NA
2,347411
2,347434
2,NA
2,347526
2,347569
2,NA
2,348016
2,348140
2,NA
2,348221
2,348239
2,NA
2,348464
2,348562
2,NA
2,348612
2,349101
2,NA
2,349451
2,349477
2,NA
2,351008
2,351025
2,NA
2,352623
2,352687
2,NA
2,352982
2,353734
2,NA
2,354749
2,355649
2,NA
3,358199
3,358450
3,NA
3,359430
3,359579
3,NA
3,359717
3,359726
3,NA
3,361593
3,361608
3,NA
3,361675
3,361699
3,NA
3,361862
3,361871
3,NA
3,364111
3,364145
3,NA
3,364910
3,364988
3,NA
3,365216
3,365231
3,NA
3,365573
3,365604
3,NA
3,366137
3,366168
3,NA
3,366864
3,366969
3,NA
3,368391
3,368492
3,NA
3,370634
3,370772
3,NA
3,372052
3,372148
3,NA
3,372640
3,373374
3,NA
3,374259
3,374497
3,NA
3,376375
3,376676
3,NA
3,378856
3,378898
3,NA
3,379122
3,379817
3,NA
3,380126
3,380221
3,NA
3,381033
3,381049
3,NA
3,382375
3,382386
3,NA
3,383706
3,383720
3,NA
3,384050
3,384112
3,NA
3,386041
3,386058
3,NA
3,386150
3,386169
3,NA
3,390126
3,390150
3,NA
3,391197
3,391352
3,NA
3,391584
3,391770
3,NA
4,394224
4,394231
4,NA
3,394110
3,397499
3,NA
3,398757
3,398806
3,NA
3,399122
3,399184
3,NA
3,399686
3,399702
3,NA
3,400590
3,400612
3,NA
3,401014
3,401020
3,NA
3,401688
3,401695
3,NA
3,402930
3,402990
3,NA
3,403917
3,403950
3,NA
3,404775
3,405413
3,NA
3,410893
3,410899
3,NA
3,412420
3,412433
3,NA
2,355880
2,412538
2,NA
1,334038
1,412539
1,NA
2,414566
2,414674
2,NA
1,414302
1,414841
1,NA
1,415284
1,415312
1,NA
1,415403
1,415769
1,NA
1,417000
1,417021
1,NA
1,419326
1,419739
1,NA
1,422432
1,422484
1,NA
1,422875
1,422935
1,NA
1,422961
1,422983
1,NA
1,423071
1,423099
1,NA
1,423430
1,423490
1,NA
1,423624
1,423857
1,NA
1,425344
1,425368
1,NA
1,425859
1,425957
1,NA
1,426354
1,426545
1,NA
1,426886
1,427070
1,NA
1,427812
1,428052
1,NA
1,428188
1,428635
1,NA
1,429291
1,429345
1,NA
1,431553
1,431563
1,NA
1,431731
1,431952
1,NA
1,432138
1,432372
1,NA
1,432803
1,432965
1,NA
1,433152
1,433254
1,NA
1,433501
1,433621
1,NA
1,434294
1,434570
1,NA
1,435575
1,435589
1,NA
1,435690
1,435713
1,NA
2,438132
2,438143
2,NA
1,437994
1,438518
1,NA
1,442231
1,442278
1,NA
1,444279
1,444286
1,NA
1,445277
1,445318
1,NA
2,446735
2,446742
2,NA
2,446978
2,446992
2,NA
1,446057
1,447726
1,NA
1,449468
1,449475
1,NA
1,449921
1,449940
1,NA
1,451568
1,451593
1,NA
1,454444
1,454457
1,NA
1,454947
1,454960
1,NA
1,455409
1,455465
1,NA
1,456430
1,457547
1,NA
1,459270
1,459373
1,NA
1,459814
1,459931
1,NA
1,461513
1,461631
1,NA
1,462873
1,463232
1,NA
1,463871
1,463942
1,NA
1,464094
1,464493
1,NA
1,464619
1,466012
1,NA
1,466484
1,466514
1,NA
1,466613
1,466661
1,NA
1,467029
1,467200
1,NA
1,467232
1,467304
1,NA
1,468063
1,468079
1,NA
1,468373
1,468399
1,NA
1,469180
1,469336
1,NA
2,470202
2,470257
2,NA
1,470051
1,470398
1,NA
1,471034
1,471052
1,NA
1,473051
1,473091
1,NA
2,474429
2,474440
2,NA
1,473869
1,474710
1,NA
1,476002
1,476144
1,NA
1,476640
1,476890
1,NA
1,478997
1,479332
1,NA
1,479542
1,479558
1,NA
1,480217
1,480284
1,NA
1,480700
1,481261
1,NA
1,481328
1,481704
1,NA
1,482492
1,482498
1,NA
1,484724
1,484834
1,NA
1,485183
1,485317
1,NA
1,485414
1,485447
1,NA
1,486389
1,486403
1,NA
1,486938
1,487011
1,NA
1,487470
1,487479
1,NA
1,487700
1,487708
1,NA
1,488299
1,488743
1,NA
1,488769
1,488966
1,NA
1,490591
1,490602
1,NA
1,494537
1,494587
1,NA
1,494713
1,494719
1,NA
1,494973
1,494985
1,NA
1,498060
1,498069
1,NA
1,498198
1,498206
1,NA
1,500069
1,500134
1,NA
1,501418
1,501437
1,NA
1,502351
1,502389
1,NA
1,503322
1,503358
1,NA
1,506643
1,506659
1,NA
1,508693
1,508717
1,NA
1,509988
1,510039
1,NA
1,510186
1,510293
1,NA
1,510463
1,510575
1,NA
1,510898
1,511059
1,NA
1,511488
1,511659
1,NA
1,513204
1,513358
1,NA
1,513573
1,513579
1,NA
1,513978
1,513984
1,NA
1,514221
1,514289
1,NA
1,514623
1,514644
1,NA
1,515523
1,515636
1,NA
1,515908
1,515934
1,NA
1,516139
1,516152
1,NA
1,516856
1,516969
1,NA
1,517819
1,517835
1,NA
1,521048
1,521127
1,NA
1,521789
1,521795
1,NA
1,524101
1,524119
1,NA
1,524722
1,524738
1,NA
1,526430
1,526563
1,NA
1,526834
1,526845
1,NA
1,526996
1,527003
1,NA
1,527274
1,527285
1,NA
2,528496
2,528536
2,NA
2,529330
2,529340
2,NA
2,530518
2,530540
2,NA
2,531415
2,531478
2,NA
2,532670
2,532732
2,NA
2,533582
2,533652
2,NA
1,528228
1,533852
1,NA
1,533924
1,533933
1,NA
1,534538
1,534557
1,NA
1,534656
1,534677
1,NA
1,534932
1,534958
1,NA
1,536065
1,536069
1,NA
1,536387
1,536411
1,NA
1,536672
1,536709
1,NA
1,536902
1,536916
1,NA
1,536996
1,537010
1,NA
1,537463
1,537474
1,NA
1,537846
1,537888
1,NA
1,538464
1,538475
1,NA
1,539948
1,540015
1,NA
1,543577
1,543625
1,NA
1,543859
1,544295
1,NA
1,545145
1,545164
1,NA
1,547166
1,547201
1,NA
1,547826
1,547963
1,NA
1,550440
1,550572
1,NA
1,552254
1,552258
1,NA
1,552938
1,552941
1,NA
1,554661
1,554711
1,NA
1,558809
1,558828
1,NA
1,559517
1,559528
1,NA
1,559799
1,559949
1,NA
1,560417
1,560910
1,NA
1,562459
1,562477
1,NA
1,562723
1,562741
1,NA
1,564207
1,564220
1,NA
1,565546
1,565562
1,NA
1,565655
1,565802
1,NA
1,566165
1,566174
1,NA
1,566462
1,566477
1,NA
1,567117
1,567153
1,NA
1,567599
1,567659
1,NA
1,567924
1,567958
1,NA
1,568224
1,568260
1,NA
1,568285
1,568475
1,NA
1,568739
1,568786
1,NA
1,569687
1,569831
1,NA
1,570959
1,570996
1,NA
1,571308
1,571314
1,NA
1,572376
1,572379
1,NA
1,572959
1,573046
1,NA
1,575041
1,575473
1,NA
1,576460
1,576485
1,NA
1,576730
1,576816
1,NA
2,577896
2,577970
2,NA
2,578407
2,578441
2,NA
1,577768
1,578453
1,NA
1,578883
1,579028
1,NA
2,579854
2,579877
2,NA
1,579047
1,580142
1,NA
1,580587
1,580713
1,NA
1,581425
1,581815
1,NA
1,582339
1,582416
1,NA
1,582896
1,582922
1,NA
1,584201
1,584590
1,NA
1,585596
1,585606
1,NA
1,585967
1,585980
1,NA
1,586004
1,586014
1,NA
1,586265
1,586323
1,NA
1,587491
1,587739
1,NA
1,588568
1,588578
1,NA
1,589499
1,589509
1,NA
2,590282
2,590292
2,NA
1,589785
1,590352
1,NA
1,591408
1,591554
1,NA
1,592623
1,592652
1,NA
1,592674
1,592799
1,NA
1,593557
1,593641
1,NA
1,593760
1,593894
1,NA
1,594809
1,594812
1,NA
1,594992
1,595341
1,NA
1,596178
1,596210
1,NA
1,596328
1,596340
1,NA
1,596374
1,596384
1,NA
1,597639
1,598360
1,NA
1,599634
1,599640
1,NA
1,600826
1,600862
1,NA
1,601354
1,601373
1,NA
1,602227
1,602315
1,NA
1,602406
1,602415
1,NA
1,602463
1,602472
1,NA
1,602570
1,602740
1,NA
1,603194
1,603203
1,NA
1,603223
1,603243
1,NA
1,604207
1,604225
1,NA
1,605188
1,607353
1,NA
1,607411
1,607648
1,NA
1,607771
1,607896
1,NA
1,608330
1,608333
1,NA
1,608432
1,608435
1,NA
1,608513
1,608516
1,NA
1,610353
1,610381
1,NA
1,610611
1,610650
1,NA
1,611452
1,611471
1,NA
1,611503
1,611526
1,NA
1,611540
1,611690
1,NA
1,611937
1,612342
1,NA
1,612515
1,612531
1,NA
1,616797
1,617224
1,NA
1,618011
1,618057
1,NA
1,619527
1,619558
1,NA
1,621982
1,622002
1,NA
1,625818
1,625858
1,NA
1,625923
1,626558
1,NA
1,627072
1,627174
1,NA
1,627592
1,627597
1,NA
1,629309
1,629335
1,NA
1,630503
1,630949
1,NA
1,631886
1,631915
1,NA
1,633276
1,633435
1,NA
1,633777
1,634075
1,NA
1,634149
1,634152
1,NA
1,634288
1,634298
1,NA
1,634525
1,634539
1,NA
1,634852
1,634867
1,NA
1,635969
1,636327
1,NA
1,636425
1,636606
1,NA
1,637815
1,637872
1,NA
1,638172
1,638190
1,NA
1,638246
1,638257
1,NA
1,639853
1,639869
1,NA
1,640201
1,640370
1,NA
1,641005
1,641303
1,NA
1,642167
1,642177
1,NA
1,642855
1,642899
1,NA
1,643399
1,643532
1,NA
1,643924
1,644067
1,NA
1,644311
1,644499
1,NA
1,645592
1,645602
1,NA
1,646006
1,646056
1,NA
1,647247
1,647353
1,NA
1,647491
1,647505
1,NA
2,648318
2,648387
2,NA
2,648531
2,648543
2,NA
1,648103
1,648762
1,NA
1,649493
1,649496
1,NA
1,649971
1,650015
1,NA
1,654937
1,654942
1,NA
1,657940
1,658063
1,NA
1,662254
1,662298
1,NA
2,663578
2,663610
2,NA
2,666106
2,666304
2,NA
2,667188
2,667246
2,NA
1,662363
1,669695
1,NA
1,672499
1,672530
1,NA
1,672827
1,672855
1,NA
1,674576
1,674581
1,NA
1,675346
1,675364
1,NA
1,675580
1,675602
1,NA
1,680449
1,680498
1,NA
1,686787
1,686817
1,NA
1,687452
1,687464
1,NA
1,688499
1,688587
1,NA
1,690203
1,690227
1,NA
1,690408
1,690462
1,NA
1,691000
1,691083
1,NA
1,691720
1,691780
1,NA
1,692162
1,692182
1,NA
1,693275
1,693289
1,NA
1,693566
1,693618
1,NA
1,697165
1,697265
1,NA
1,702917
1,702923
1,NA
1,703435
1,703565
1,NA
1,703787
1,703793
1,NA
1,704865
1,704895
1,NA
1,705163
1,705181
1,NA
1,705999
1,706090
1,NA
1,706773
1,706790
1,NA
1,707057
1,707064
1,NA
1,712859
1,712883
1,NA
1,715907
1,715914
1,NA
1,717691
1,717698
1,NA
1,718416
1,718435
1,NA
0,1
0,425
0,NA
0,487
0,2526
0,NA
0,2543
0,4177
0,NA
0,4193
0,4322
0,NA
0,4377
0,4460
0,NA
0,4512
0,4628
0,NA
0,4710
0,4762
0,NA
0,4775
0,4794
0,NA
0,4818
0,6672
0,NA
0,6956
0,8010
0,NA
0,8021
0,8061
0,NA
0,8083
0,8524
0,NA
0,8546
0,9805
0,NA
0,9852
0,10590
0,NA
0,12526
0,12954
0,NA
0,13171
0,14154
0,NA
0,14170
0,14324
0,NA
0,14340
0,14941
0,NA
0,15007
0,17640
0,NA
0,17705
0,19052
0,NA
0,19094
0,19172
0,NA
0,19202
0,19802
0,NA
0,19834
0,20815
0,NA
0,20833
0,24712
0,NA
0,24882
0,27813
0,NA
0,27976
0,30174
0,NA
0,30200
0,30208
0,NA
0,30228
0,30442
0,NA
0,30458
0,30710
0,NA
0,30724
0,32577
0,NA
0,32615
0,36950
0,NA
0,37250
0,38158
0,NA
0,38281
0,46710
0,NA
0,46936
0,47186
0,NA
0,47360
0,47922
0,NA
0,48122
0,51247
0,NA
0,51338
0,53180
0,NA
0,53235
0,55044
0,NA
0,55065
0,56215
0,NA
0,56231
0,57495
0,NA
0,57630
0,58355
0,NA
0,58374
0,60943
0,NA
0,60982
0,63176
0,NA
0,63185
0,65100
0,NA
0,65127
0,66498
0,NA
0,66602
0,69576
0,NA
0,69649
0,72846
0,NA
0,72900
0,74470
0,NA
0,75216
0,76559
0,NA
0,76618
0,79834
0,NA
0,79847
0,79979
0,NA
0,80021
0,80507
0,NA
0,80517
0,80793
0,NA
0,81711
0,81754
0,NA
0,82091
0,83162
0,NA
0,83229
0,84624
0,NA
0,84741
0,85429
0,NA
0,85440
0,88453
0,NA
0,88637
0,91160
0,NA
0,91381
0,91541
0,NA
0,91588
0,92251
0,NA
0,92273
0,93416
0,NA
0,93456
0,97350
0,NA
0,97446
0,97668
0,NA
0,97790
0,98963
0,NA
0,98972
0,99875
0,NA
0,99886
0,100027
0,NA
0,100145
0,100914
0,NA
0,100978
0,102075
0,NA
0,102350
0,102614
0,NA
0,103212
0,103947
0,NA
0,105665
0,106898
0,NA
0,107071
0,108288
0,NA
0,108296
0,108636
0,NA
0,108657
0,108912
0,NA
0,109033
0,110621
0,NA
0,110757
0,111370
0,NA
0,111967
0,112232
0,NA
0,112247
0,113295
0,NA
0,113301
0,114822
0,NA
0,114844
0,115630
0,NA
0,115738
0,116849
0,NA
0,116867
0,116931
0,NA
0,116949
0,117488
0,NA
0,117553
0,119759
0,NA
0,119802
0,123314
0,NA
0,123453
0,125935
0,NA
0,125976
0,126209
0,NA
0,126345
0,128549
0,NA
0,128624
0,129373
0,NA
0,129401
0,131785
0,NA
0,131790
0,132717
0,NA
0,132833
0,133501
0,NA
0,133550
0,134329
0,NA
0,134357
0,136643
0,NA
0,136744
0,137636
0,NA
0,137700
0,138946
0,NA
0,139052
0,140929
0,NA
0,141353
0,145046
0,NA
0,145225
0,148961
0,NA
0,149003
0,152155
0,NA
0,152244
0,152273
0,NA
0,152294
0,152495
0,NA
0,152896
0,159199
0,NA
0,159212
0,160612
0,NA
0,160619
0,162180
0,NA
0,162209
0,162678
0,NA
0,162685
0,164552
0,NA
0,164559
0,165608
0,NA
0,165613
0,166859
0,NA
0,166864
0,167096
0,NA
0,167104
0,168167
0,NA
0,168186
0,168968
0,NA
0,169014
0,169566
0,NA
0,169594
0,170198
0,NA
0,170256
0,171051
0,NA
0,171073
0,172468
0,NA
0,172504
0,172633
0,NA
0,172665
0,183092
0,NA
0,183185
0,183669
0,NA
0,183686
0,184552
0,NA
0,185035
0,190314
0,NA
0,190319
0,194841
0,NA
0,194846
0,196968
0,NA
0,197068
0,198522
0,NA
0,198535
0,202432
0,NA
0,202437
0,204075
0,NA
0,204090
0,207862
0,NA
0,207877
0,208718
0,NA
0,208731
0,209062
0,NA
0,209078
0,212735
0,NA
0,212772
0,215449
0,NA
0,215462
0,216680
0,NA
0,216696
0,217138
0,NA
0,217145
0,217560
0,NA
0,217569
0,218204
0,NA
0,218211
0,220974
0,NA
0,220979
0,228637
0,NA
0,228645
0,230213
0,NA
0,230272
0,231176
0,NA
0,231291
0,231996
0,NA
0,232004
0,235829
0,NA
0,235864
0,237538
0,NA
0,237558
0,238132
0,NA
0,238208
0,238914
0,NA
0,238930
0,240686
0,NA
0,242162
0,242428
0,NA
0,242458
0,243698
0,NA
0,245018
0,246295
0,NA
0,246318
0,246344
0,NA
0,246673
0,247376
0,NA
0,247484
0,248099
0,NA
0,248143
0,249198
0,NA
0,249212
0,249893
0,NA
0,249947
0,250725
0,NA
0,250838
0,251338
0,NA
0,251476
0,251517
0,NA
0,251781
0,251823
0,NA
0,251845
0,252215
0,NA
0,252233
0,252471
0,NA
0,252526
0,252601
0,NA
0,252616
0,252798
0,NA
0,252904
0,253001
0,NA
0,253188
0,253630
0,NA
0,253731
0,253788
0,NA
0,253826
0,253976
0,NA
0,253985
0,254003
0,NA
0,254049
0,254278
0,NA
0,254448
0,255365
0,NA
0,255384
0,255750
0,NA
0,255787
0,256033
0,NA
0,256120
0,256501
0,NA
0,256546
0,256722
0,NA
0,256731
0,258334
0,NA
0,258372
0,258385
0,NA
0,258402
0,258844
0,NA
0,258861
0,259309
0,NA
0,259361
0,259410
0,NA
0,259634
0,261059
0,NA
0,261953
0,263679
0,NA
0,263788
0,264109
0,NA
0,264149
0,264573
0,NA
0,264642
0,265266
0,NA
0,265283
0,266195
0,NA
0,266234
0,266299
0,NA
0,266320
0,266704
0,NA
0,266720
0,267605
0,NA
0,267687
0,269337
0,NA
0,269354
0,270447
0,NA
0,270549
0,270689
0,NA
0,270700
0,270909
0,NA
0,271033
0,271477
0,NA
0,271603
0,272575
0,NA
0,272621
0,272722
0,NA
0,272757
0,273418
0,NA
0,273435
0,273879
0,NA
0,273898
0,274297
0,NA
0,274440
0,275447
0,NA
0,275464
0,276513
0,NA
0,276547
0,277318
0,NA
0,277335
0,278412
0,NA
0,278427
0,278720
0,NA
0,278735
0,278845
0,NA
0,278871
0,278917
0,NA
0,278938
0,280279
0,NA
0,280401
0,281167
0,NA
0,282628
0,284759
0,NA
0,284930
0,284990
0,NA
0,285011
0,285415
0,NA
0,285778
0,287483
0,NA
0,287498
0,287528
0,NA
0,287547
0,287930
0,NA
0,287942
0,288306
0,NA
0,288320
0,288445
0,NA
0,288698
0,289059
0,NA
0,289080
0,289243
0,NA
0,289269
0,289375
0,NA
0,289500
0,292503
0,NA
0,292693
0,293106
0,NA
0,293129
0,293333
0,NA
0,293348
0,293573
0,NA
0,293738
0,294049
0,NA
0,294057
0,294649
0,NA
0,295419
0,295964
0,NA
0,295989
0,296113
0,NA
0,296139
0,297717
0,NA
0,297756
0,297823
0,NA
0,297847
0,298227
0,NA
0,298266
0,298384
0,NA
0,298398
0,298470
0,NA
0,298503
0,299954
0,NA
0,299991
0,301972
0,NA
0,301991
0,302010
0,NA
0,302033
0,303109
0,NA
0,303277
0,303446
0,NA
0,303485
0,304547
0,NA
0,304602
0,305389
0,NA
0,305436
0,306392
0,NA
0,306468
0,306970
0,NA
0,307271
0,308808
0,NA
0,308970
0,309332
0,NA
0,309463
0,309873
0,NA
0,309913
0,311057
0,NA
0,311190
0,311579
0,NA
0,311607
0,312172
0,NA
0,312319
0,313107
0,NA
0,313140
0,313445
0,NA
0,313843
0,315359
0,NA
0,315887
0,316572
0,NA
0,316585
0,316931
0,NA
0,316983
0,317564
0,NA
0,317601
0,317926
0,NA
0,317958
0,319305
0,NA
0,319333
0,319623
0,NA
0,319657
0,320240
0,NA
0,320291
0,321753
0,NA
0,321796
0,323018
0,NA
0,323059
0,323350
0,NA
0,323366
0,324745
0,NA
0,324773
0,325519
0,NA
0,325538
0,326078
0,NA
0,326106
0,326233
0,NA
0,326252
0,326396
0,NA
0,326424
0,326951
0,NA
0,327029
0,327861
0,NA
0,327870
0,329927
0,NA
0,330477
0,330550
0,NA
0,330559
0,331332
0,NA
0,331348
0,331409
0,NA
0,331495
0,333523
0,NA
0,333532
0,334037
0,NA
0,412540
0,414301
0,NA
0,414842
0,415283
0,NA
0,415313
0,415402
0,NA
0,415770
0,416999
0,NA
0,417022
0,419325
0,NA
0,419740
0,422431
0,NA
0,422485
0,422874
0,NA
0,422936
0,422960
0,NA
0,422984
0,423070
0,NA
0,423100
0,423429
0,NA
0,423491
0,423623
0,NA
0,423858
0,425343
0,NA
0,425369
0,425858
0,NA
0,425958
0,426353
0,NA
0,426546
0,426885
0,NA
0,427071
0,427811
0,NA
0,428053
0,428187
0,NA
0,428636
0,429290
0,NA
0,429346
0,431552
0,NA
0,431564
0,431730
0,NA
0,431953
0,432137
0,NA
0,432373
0,432802
0,NA
0,432966
0,433151
0,NA
0,433255
0,433500
0,NA
0,433622
0,434293
0,NA
0,434571
0,435574
0,NA
0,435590
0,435689
0,NA
0,435714
0,437993
0,NA
0,438519
0,442230
0,NA
0,442279
0,444278
0,NA
0,444287
0,445276
0,NA
0,445319
0,446056
0,NA
0,447727
0,449467
0,NA
0,449476
0,449920
0,NA
0,449941
0,451567
0,NA
0,451594
0,454443
0,NA
0,454458
0,454946
0,NA
0,454961
0,455408
0,NA
0,455466
0,456429
0,NA
0,457548
0,459269
0,NA
0,459374
0,459813
0,NA
0,459932
0,461512
0,NA
0,461632
0,462872
0,NA
0,463233
0,463870
0,NA
0,463943
0,464093
0,NA
0,464494
0,464618
0,NA
0,466013
0,466483
0,NA
0,466515
0,466612
0,NA
0,466662
0,467028
0,NA
0,467201
0,467231
0,NA
0,467305
0,468062
0,NA
0,468080
0,468372
0,NA
0,468400
0,469179
0,NA
0,469337
0,470050
0,NA
0,470399
0,471033
0,NA
0,471053
0,473050
0,NA
0,473092
0,473868
0,NA
0,474711
0,476001
0,NA
0,476145
0,476639
0,NA
0,476891
0,478996
0,NA
0,479333
0,479541
0,NA
0,479559
0,480216
0,NA
0,480285
0,480699
0,NA
0,481262
0,481327
0,NA
0,481705
0,482491
0,NA
0,482499
0,484723
0,NA
0,484835
0,485182
0,NA
0,485318
0,485413
0,NA
0,485448
0,486388
0,NA
0,486404
0,486937
0,NA
0,487012
0,487469
0,NA
0,487480
0,487699
0,NA
0,487709
0,488298
0,NA
0,488744
0,488768
0,NA
0,488967
0,490590
0,NA
0,490603
0,494536
0,NA
0,494588
0,494712
0,NA
0,494720
0,494972
0,NA
0,494986
0,498059
0,NA
0,498070
0,498197
0,NA
0,498207
0,500068
0,NA
0,500135
0,501417
0,NA
0,501438
0,502350
0,NA
0,502390
0,503321
0,NA
0,503359
0,506642
0,NA
0,506660
0,508692
0,NA
0,508718
0,509987
0,NA
0,510040
0,510185
0,NA
0,510294
0,510462
0,NA
0,510576
0,510897
0,NA
0,511060
0,511487
0,NA
0,511660
0,513203
0,NA
0,513359
0,513572
0,NA
0,513580
0,513977
0,NA
0,513985
0,514220
0,NA
0,514290
0,514622
0,NA
0,514645
0,515522
0,NA
0,515637
0,515907
0,NA
0,515935
0,516138
0,NA
0,516153
0,516855
0,NA
0,516970
0,517818
0,NA
0,517836
0,521047
0,NA
0,521128
0,521788
0,NA
0,521796
0,524100
0,NA
0,524120
0,524721
0,NA
0,524739
0,526429
0,NA
0,526564
0,526833
0,NA
0,526846
0,526995
0,NA
0,527004
0,527273
0,NA
0,527286
0,528227
0,NA
0,533853
0,533923
0,NA
0,533934
0,534537
0,NA
0,534558
0,534655
0,NA
0,534678
0,534931
0,NA
0,534959
0,536064
0,NA
0,536070
0,536386
0,NA
0,536412
0,536671
0,NA
0,536710
0,536901
0,NA
0,536917
0,536995
0,NA
0,537011
0,537462
0,NA
0,537475
0,537845
0,NA
0,537889
0,538463
0,NA
0,538476
0,539947
0,NA
0,540016
0,543576
0,NA
0,543626
0,543858
0,NA
0,544296
0,545144
0,NA
0,545165
0,547165
0,NA
0,547202
0,547825
0,NA
0,547964
0,550439
0,NA
0,550573
0,552253
0,NA
0,552259
0,552937
0,NA
0,552942
0,554660
0,NA
0,554712
0,558808
0,NA
0,558829
0,559516
0,NA
0,559529
0,559798
0,NA
0,559950
0,560416
0,NA
0,560911
0,562458
0,NA
0,562478
0,562722
0,NA
0,562742
0,564206
0,NA
0,564221
0,565545
0,NA
0,565563
0,565654
0,NA
0,565803
0,566164
0,NA
0,566175
0,566461
0,NA
0,566478
0,567116
0,NA
0,567154
0,567598
0,NA
0,567660
0,567923
0,NA
0,567959
0,568223
0,NA
0,568261
0,568284
0,NA
0,568476
0,568738
0,NA
0,568787
0,569686
0,NA
0,569832
0,570958
0,NA
0,570997
0,571307
0,NA
0,571315
0,572375
0,NA
0,572380
0,572958
0,NA
0,573047
0,575040
0,NA
0,575474
0,576459
0,NA
0,576486
0,576729
0,NA
0,576817
0,577767
0,NA
0,578454
0,578882
0,NA
0,579029
0,579046
0,NA
0,580143
0,580586
0,NA
0,580714
0,581424
0,NA
0,581816
0,582338
0,NA
0,582417
0,582895
0,NA
0,582923
0,584200
0,NA
0,584591
0,585595
0,NA
0,585607
0,585966
0,NA
0,585981
0,586003
0,NA
0,586015
0,586264
0,NA
0,586324
0,587490
0,NA
0,587740
0,588567
0,NA
0,588579
0,589498
0,NA
0,589510
0,589784
0,NA
0,590353
0,591407
0,NA
0,591555
0,592622
0,NA
0,592653
0,592673
0,NA
0,592800
0,593556
0,NA
0,593642
0,593759
0,NA
0,593895
0,594808
0,NA
0,594813
0,594991
0,NA
0,595342
0,596177
0,NA
0,596211
0,596327
0,NA
0,596341
0,596373
0,NA
0,596385
0,597638
0,NA
0,598361
0,599633
0,NA
0,599641
0,600825
0,NA
0,600863
0,601353
0,NA
0,601374
0,602226
0,NA
0,602316
0,602405
0,NA
0,602416
0,602462
0,NA
0,602473
0,602569
0,NA
0,602741
0,603193
0,NA
0,603204
0,603222
0,NA
0,603244
0,604206
0,NA
0,604226
0,605187
0,NA
0,607354
0,607410
0,NA
0,607649
0,607770
0,NA
0,607897
0,608329
0,NA
0,608334
0,608431
0,NA
0,608436
0,608512
0,NA
0,608517
0,610352
0,NA
0,610382
0,610610
0,NA
0,610651
0,611451
0,NA
0,611472
0,611502
0,NA
0,611527
0,611539
0,NA
0,611691
0,611936
0,NA
0,612343
0,612514
0,NA
0,612532
0,616796
0,NA
0,617225
0,618010
0,NA
0,618058
0,619526
0,NA
0,619559
0,621981
0,NA
0,622003
0,625817
0,NA
0,625859
0,625922
0,NA
0,626559
0,627071
0,NA
0,627175
0,627591
0,NA
0,627598
0,629308
0,NA
0,629336
0,630502
0,NA
0,630950
0,631885
0,NA
0,631916
0,633275
0,NA
0,633436
0,633776
0,NA
0,634076
0,634148
0,NA
0,634153
0,634287
0,NA
0,634299
0,634524
0,NA
0,634540
0,634851
0,NA
0,634868
0,635968
0,NA
0,636328
0,636424
0,NA
0,636607
0,637814
0,NA
0,637873
0,638171
0,NA
0,638191
0,638245
0,NA
0,638258
0,639852
0,NA
0,639870
0,640200
0,NA
0,640371
0,641004
0,NA
0,641304
0,642166
0,NA
0,642178
0,642854
0,NA
0,642900
0,643398
0,NA
0,643533
0,643923
0,NA
0,644068
0,644310
0,NA
0,644500
0,645591
0,NA
0,645603
0,646005
0,NA
0,646057
0,647246
0,NA
0,647354
0,647490
0,NA
0,647506
0,648102
0,NA
0,648763
0,649492
0,NA
0,649497
0,649970
0,NA
0,650016
0,654936
0,NA
0,654943
0,657939
0,NA
0,658064
0,662253
0,NA
0,662299
0,662362
0,NA
0,669696
0,672498
0,NA
0,672531
0,672826
0,NA
0,672856
0,674575
0,NA
0,674582
0,675345
0,NA
0,675365
0,675579
0,NA
0,675603
0,680448
0,NA
0,680499
0,686786
0,NA
0,686818
0,687451
0,NA
0,687465
0,688498
0,NA
0,688588
0,690202
0,NA
0,690228
0,690407
0,NA
0,690463
0,690999
0,NA
0,691084
0,691719
0,NA
0,691781
0,692161
0,NA
0,692183
0,693274
0,NA
0,693290
0,693565
0,NA
0,693619
0,697164
0,NA
0,697266
0,702916
0,NA
0,702924
0,703434
0,NA
0,703566
0,703786
0,NA
0,703794
0,704864
0,NA
0,704896
0,705162
0,NA
0,705182
0,705998
0,NA
0,706091
0,706772
0,NA
0,706791
0,707056
0,NA
0,707065
0,712858
0,NA
0,712884
0,715906
0,NA
0,715915
0,717690
0,NA
0,717699
0,718415
0,NA
0,718436
0,720584
0,NA
